[
  {
    "JobId": 12134,
    "UserName": "Sarath",
    "JobTitle": "Software",
    "EmailId": "Sarath.gmail.com",
    "AppliedOn": "03-04-2019"
  },
  {
    "JobId": 12135,
    "UserName": "Praveen",
    "JobTitle": "Software",
    "EmailId": "Praveen.gmail.com",
    "AppliedOn": "04-06-2019"
  },
  {
    "JobId": 12136,
    "UserName": "Nivetha",
    "JobTitle": "Software",
    "EmailId": "Nivetha@gmail.com",
    "AppliedOn": "05-07-2019"
  },
  {
    "JobId": 12137,
    "UserName": "Charan",
    "JobTitle": "Software",
    "EmailId": "Charan@gmail.com",
    "AppliedOn": "06-07-2019"
  },
  {
    "JobId": 12138,
    "UserName": "Hari",
    "JobTitle": "Software",
    "EmailId": "Hari@gmail.com",
    "AppliedOn": "07-08-2019"
  } 
]